timestamp_ms,timestamp_utc,price,quantity,is_buyer_maker,agggressor_side,trade_id
1775351900000,2026-04-05 01:18:20.000,66999.91,0.017731,False,BUY,1000000
1775351900300,2026-04-05 01:18:20.300,66999.96,0.003253,False,BUY,1000001
1775351900600,2026-04-05 01:18:20.600,66999.95,0.011014,True,SELL,1000002
1775351900900,2026-04-05 01:18:20.900,67000.18,0.064017,False,BUY,1000003
1775351901200,2026-04-05 01:18:21.200,66999.91,0.014232,False,BUY,1000004
1775351901500,2026-04-05 01:18:21.500,67000.42,0.033644,False,BUY,1000005
1775351901800,2026-04-05 01:18:21.800,67000.6,0.012933,True,SELL,1000006
1775351902100,2026-04-05 01:18:22.100,67001.09,0.033968,True,SELL,1000007
1775351902400,2026-04-05 01:18:22.400,67001.36,0.001012,False,BUY,1000008
1775351902700,2026-04-05 01:18:22.700,67000.59,0.011618,True,SELL,1000009
1775351903000,2026-04-05 01:18:23.000,66999.96,0.025361,False,BUY,1000010
1775351903300,2026-04-05 01:18:23.300,67000.67,0.033932,False,BUY,1000011
1775351903600,2026-04-05 01:18:23.600,66999.93,0.013765,False,BUY,1000012
1775351903900,2026-04-05 01:18:23.900,66999.44,0.09344,False,BUY,1000013
1775351904200,2026-04-05 01:18:24.200,66999.46,0.012275,True,SELL,1000014
1775351904500,2026-04-05 01:18:24.500,66999.46,0.013923,True,SELL,1000015
1775351904800,2026-04-05 01:18:24.800,66999.49,0.019099,True,SELL,1000016
1775351905100,2026-04-05 01:18:25.100,66999.22,0.096823,True,SELL,1000017
1775351905400,2026-04-05 01:18:25.400,66999.31,0.016589,True,SELL,1000018
1775351905700,2026-04-05 01:18:25.700,66998.92,0.003056,True,SELL,1000019
1775351906000,2026-04-05 01:18:26.000,66998.67,0.002196,False,BUY,1000020
1775351906300,2026-04-05 01:18:26.300,66999.87,0.00223,False,BUY,1000021
1775351906600,2026-04-05 01:18:26.600,67000.19,0.026855,True,SELL,1000022
1775351906900,2026-04-05 01:18:26.900,67000.96,0.016727,False,BUY,1000023
1775351907200,2026-04-05 01:18:27.200,67001.09,0.001,False,BUY,1000024
1775351907500,2026-04-05 01:18:27.500,67001.78,0.015857,True,SELL,1000025
1775351907800,2026-04-05 01:18:27.800,67002.12,0.01306,False,BUY,1000026
1775351908100,2026-04-05 01:18:28.100,67001.21,0.002347,False,BUY,1000027
1775351908400,2026-04-05 01:18:28.400,67000.9,0.042852,False,BUY,1000028
1775351908700,2026-04-05 01:18:28.700,67001.24,0.004105,True,SELL,1000029
1775351909000,2026-04-05 01:18:29.000,67001.04,0.003055,False,BUY,1000030
1775351909300,2026-04-05 01:18:29.300,67001.31,0.064485,False,BUY,1000031
1775351909600,2026-04-05 01:18:29.600,67000.73,0.008346,True,SELL,1000032
1775351909900,2026-04-05 01:18:29.900,67001.34,0.013292,True,SELL,1000033
1775351910200,2026-04-05 01:18:30.200,67000.62,0.008374,True,SELL,1000034
1775351910500,2026-04-05 01:18:30.500,67000.99,0.001,True,SELL,1000035
1775351910800,2026-04-05 01:18:30.800,67000.7,0.002219,False,BUY,1000036
1775351911100,2026-04-05 01:18:31.100,67000.96,0.003257,False,BUY,1000037
1775351911400,2026-04-05 01:18:31.400,67000.54,0.016961,False,BUY,1000038
1775351911700,2026-04-05 01:18:31.700,67000.31,0.037681,True,SELL,1000039
1775351912000,2026-04-05 01:18:32.000,67001.27,0.031456,False,BUY,1000040
1775351912300,2026-04-05 01:18:32.300,67000.55,0.004303,False,BUY,1000041
1775351912600,2026-04-05 01:18:32.600,67000.66,0.007792,True,SELL,1000042
1775351912900,2026-04-05 01:18:32.900,67000.86,0.008034,True,SELL,1000043
1775351913200,2026-04-05 01:18:33.200,67000.79,0.020888,True,SELL,1000044
1775351913500,2026-04-05 01:18:33.500,67001.16,0.007716,True,SELL,1000045
1775351913800,2026-04-05 01:18:33.800,67001.14,0.016092,True,SELL,1000046
1775351914100,2026-04-05 01:18:34.100,67000.77,0.001,False,BUY,1000047
1775351914400,2026-04-05 01:18:34.400,67000.98,0.001,False,BUY,1000048
1775351914700,2026-04-05 01:18:34.700,67000.25,0.00618,False,BUY,1000049
1775351915000,2026-04-05 01:18:35.000,67000.44,0.094069,False,BUY,1000050
1775351915300,2026-04-05 01:18:35.300,67000.65,0.018565,False,BUY,1000051
1775351915600,2026-04-05 01:18:35.600,67000.39,0.068735,True,SELL,1000052
1775351915900,2026-04-05 01:18:35.900,67000.23,0.001011,True,SELL,1000053
1775351916200,2026-04-05 01:18:36.200,67000.22,0.087362,False,BUY,1000054
1775351916500,2026-04-05 01:18:36.500,67000.31,0.045042,False,BUY,1000055
1775351916800,2026-04-05 01:18:36.800,67001.03,0.038869,True,SELL,1000056
1775351917100,2026-04-05 01:18:37.100,67001.08,0.001,True,SELL,1000057
1775351917400,2026-04-05 01:18:37.400,67000.58,0.018697,True,SELL,1000058
1775351917700,2026-04-05 01:18:37.700,67000.69,0.012845,True,SELL,1000059
1775351918000,2026-04-05 01:18:38.000,67000.8,0.003481,True,SELL,1000060
1775351918300,2026-04-05 01:18:38.300,67000.24,0.009776,False,BUY,1000061
1775351918600,2026-04-05 01:18:38.600,66999.5,0.027717,True,SELL,1000062
1775351918900,2026-04-05 01:18:38.900,66999.57,0.042601,True,SELL,1000063
1775351919200,2026-04-05 01:18:39.200,66999.37,0.033355,True,SELL,1000064
1775351919500,2026-04-05 01:18:39.500,66999.07,0.001072,True,SELL,1000065
1775351919800,2026-04-05 01:18:39.800,66999.25,0.006567,True,SELL,1000066
1775351920100,2026-04-05 01:18:40.100,66999.7,0.00356,False,BUY,1000067
1775351920400,2026-04-05 01:18:40.400,66999.6,0.05755,False,BUY,1000068
1775351920700,2026-04-05 01:18:40.700,66998.93,0.051347,True,SELL,1000069
1775351921000,2026-04-05 01:18:41.000,66999.26,0.001,True,SELL,1000070
1775351921300,2026-04-05 01:18:41.300,66998.94,0.027174,True,SELL,1000071
1775351921600,2026-04-05 01:18:41.600,66999.12,0.010496,False,BUY,1000072
1775351921900,2026-04-05 01:18:41.900,66998.2,0.008672,False,BUY,1000073
1775351922200,2026-04-05 01:18:42.200,66998.26,0.057934,False,BUY,1000074
1775351922500,2026-04-05 01:18:42.500,66998.35,0.022102,False,BUY,1000075
1775351922800,2026-04-05 01:18:42.800,66998.01,0.00105,True,SELL,1000076
1775351923100,2026-04-05 01:18:43.100,66998.17,0.001,False,BUY,1000077
1775351923400,2026-04-05 01:18:43.400,66998.5,0.089071,False,BUY,1000078
1775351923700,2026-04-05 01:18:43.700,66997.7,0.035564,True,SELL,1000079
1775351924000,2026-04-05 01:18:44.000,66996.79,0.020087,False,BUY,1000080
1775351924300,2026-04-05 01:18:44.300,66997.05,0.009826,False,BUY,1000081
1775351924600,2026-04-05 01:18:44.600,66996.32,0.011994,False,BUY,1000082
1775351924900,2026-04-05 01:18:44.900,66997.13,0.004435,False,BUY,1000083
1775351925200,2026-04-05 01:18:45.200,66996.37,0.010344,False,BUY,1000084
1775351925500,2026-04-05 01:18:45.500,66996.11,0.01735,False,BUY,1000085
1775351925800,2026-04-05 01:18:45.800,66996.57,0.001774,False,BUY,1000086
1775351926100,2026-04-05 01:18:46.100,66996.7,0.001,False,BUY,1000087
1775351926400,2026-04-05 01:18:46.400,66996.57,0.038509,True,SELL,1000088
1775351926700,2026-04-05 01:18:46.700,66996.0,0.003582,False,BUY,1000089
1775351927000,2026-04-05 01:18:47.000,66995.69,0.031803,False,BUY,1000090
1775351927300,2026-04-05 01:18:47.300,66995.13,0.027098,True,SELL,1000091
1775351927600,2026-04-05 01:18:47.600,66995.26,0.021084,False,BUY,1000092
1775351927900,2026-04-05 01:18:47.900,66995.1,0.039006,False,BUY,1000093
1775351928200,2026-04-05 01:18:48.200,66996.04,0.033394,False,BUY,1000094
1775351928500,2026-04-05 01:18:48.500,66996.69,0.011361,True,SELL,1000095
1775351928800,2026-04-05 01:18:48.800,66995.99,0.034064,True,SELL,1000096
1775351929100,2026-04-05 01:18:49.100,66995.81,0.00529,True,SELL,1000097
1775351929400,2026-04-05 01:18:49.400,66995.89,0.024793,False,BUY,1000098
1775351929700,2026-04-05 01:18:49.700,66995.48,0.021515,True,SELL,1000099
1775351930000,2026-04-05 01:18:50.000,66995.13,0.010329,False,BUY,1000100
1775351930300,2026-04-05 01:18:50.300,66995.76,0.012259,False,BUY,1000101
1775351930600,2026-04-05 01:18:50.600,66995.95,0.059522,True,SELL,1000102
1775351930900,2026-04-05 01:18:50.900,66995.5,0.01094,False,BUY,1000103
1775351931200,2026-04-05 01:18:51.200,66995.93,0.001499,False,BUY,1000104
1775351931500,2026-04-05 01:18:51.500,66995.77,0.019776,False,BUY,1000105
1775351931800,2026-04-05 01:18:51.800,66995.76,0.001,True,SELL,1000106
1775351932100,2026-04-05 01:18:52.100,66995.89,0.042348,False,BUY,1000107
1775351932400,2026-04-05 01:18:52.400,66995.92,0.035397,True,SELL,1000108
1775351932700,2026-04-05 01:18:52.700,66995.71,0.021327,True,SELL,1000109
1775351933000,2026-04-05 01:18:53.000,66995.79,0.001,False,BUY,1000110
1775351933300,2026-04-05 01:18:53.300,66996.07,0.030928,False,BUY,1000111
1775351933600,2026-04-05 01:18:53.600,66995.78,0.008372,False,BUY,1000112
1775351933900,2026-04-05 01:18:53.900,66995.44,0.030944,True,SELL,1000113
1775351934200,2026-04-05 01:18:54.200,66995.18,0.05178,True,SELL,1000114
1775351934500,2026-04-05 01:18:54.500,66994.69,0.039243,True,SELL,1000115
1775351934800,2026-04-05 01:18:54.800,66994.12,0.036983,True,SELL,1000116
1775351935100,2026-04-05 01:18:55.100,66995.27,0.043283,False,BUY,1000117
1775351935400,2026-04-05 01:18:55.400,66994.92,0.021117,True,SELL,1000118
1775351935700,2026-04-05 01:18:55.700,66994.32,0.014896,False,BUY,1000119
1775351936000,2026-04-05 01:18:56.000,66994.37,0.029837,False,BUY,1000120
1775351936300,2026-04-05 01:18:56.300,66995.05,0.025925,False,BUY,1000121
1775351936600,2026-04-05 01:18:56.600,66995.21,0.017913,True,SELL,1000122
1775351936900,2026-04-05 01:18:56.900,66995.72,0.046087,True,SELL,1000123
1775351937200,2026-04-05 01:18:57.200,66995.97,0.009905,True,SELL,1000124
1775351937500,2026-04-05 01:18:57.500,66996.61,0.009028,True,SELL,1000125
1775351937800,2026-04-05 01:18:57.800,66996.93,0.057032,False,BUY,1000126
1775351938100,2026-04-05 01:18:58.100,66997.28,0.007923,True,SELL,1000127
1775351938400,2026-04-05 01:18:58.400,66996.98,0.027597,True,SELL,1000128
1775351938700,2026-04-05 01:18:58.700,66996.51,0.010821,True,SELL,1000129
1775351939000,2026-04-05 01:18:59.000,66996.41,0.062546,True,SELL,1000130
1775351939300,2026-04-05 01:18:59.300,66996.2,0.005399,False,BUY,1000131
1775351939600,2026-04-05 01:18:59.600,66996.49,0.032516,True,SELL,1000132
1775351939900,2026-04-05 01:18:59.900,66996.4,0.025698,False,BUY,1000133
1775351940200,2026-04-05 01:19:00.200,66996.1,0.018387,True,SELL,1000134
1775351940500,2026-04-05 01:19:00.500,66995.77,0.071728,False,BUY,1000135
1775351940800,2026-04-05 01:19:00.800,66996.06,0.037613,True,SELL,1000136
1775351941100,2026-04-05 01:19:01.100,66996.56,0.057796,True,SELL,1000137
1775351941400,2026-04-05 01:19:01.400,66996.94,0.020724,False,BUY,1000138
1775351941700,2026-04-05 01:19:01.700,66996.56,0.003881,True,SELL,1000139
1775351942000,2026-04-05 01:19:02.000,66997.32,0.004068,True,SELL,1000140
1775351942300,2026-04-05 01:19:02.300,66996.39,0.0023,False,BUY,1000141
1775351942600,2026-04-05 01:19:02.600,66996.14,0.001,True,SELL,1000142
1775351942900,2026-04-05 01:19:02.900,66996.72,0.001,True,SELL,1000143
1775351943200,2026-04-05 01:19:03.200,66996.35,0.008196,False,BUY,1000144
1775351943500,2026-04-05 01:19:03.500,66995.84,0.002844,False,BUY,1000145
1775351943800,2026-04-05 01:19:03.800,66995.99,0.035772,False,BUY,1000146
1775351944100,2026-04-05 01:19:04.100,66995.63,0.008413,False,BUY,1000147
1775351944400,2026-04-05 01:19:04.400,66995.25,0.003851,True,SELL,1000148
1775351944700,2026-04-05 01:19:04.700,66994.62,0.00754,True,SELL,1000149
1775351945000,2026-04-05 01:19:05.000,66995.25,0.029772,True,SELL,1000150
1775351945300,2026-04-05 01:19:05.300,66995.27,0.002193,True,SELL,1000151
1775351945600,2026-04-05 01:19:05.600,66994.44,0.033988,True,SELL,1000152
1775351945900,2026-04-05 01:19:05.900,66995.0,0.02853,False,BUY,1000153
1775351946200,2026-04-05 01:19:06.200,66994.79,0.005573,True,SELL,1000154
1775351946500,2026-04-05 01:19:06.500,66994.61,0.044572,False,BUY,1000155
1775351946800,2026-04-05 01:19:06.800,66994.97,0.016337,False,BUY,1000156
1775351947100,2026-04-05 01:19:07.100,66993.98,0.004063,False,BUY,1000157
1775351947400,2026-04-05 01:19:07.400,66994.57,0.008447,True,SELL,1000158
1775351947700,2026-04-05 01:19:07.700,66994.92,0.058574,True,SELL,1000159
1775351948000,2026-04-05 01:19:08.000,66994.38,0.019421,False,BUY,1000160
1775351948300,2026-04-05 01:19:08.300,66994.38,0.015593,False,BUY,1000161
1775351948600,2026-04-05 01:19:08.600,66994.78,0.027371,False,BUY,1000162
1775351948900,2026-04-05 01:19:08.900,66995.0,0.025595,False,BUY,1000163
1775351949200,2026-04-05 01:19:09.200,66995.16,0.020006,False,BUY,1000164
1775351949500,2026-04-05 01:19:09.500,66994.57,0.002069,False,BUY,1000165
1775351949800,2026-04-05 01:19:09.800,66994.33,0.031072,True,SELL,1000166
1775351950100,2026-04-05 01:19:10.100,66994.58,0.034589,True,SELL,1000167
1775351950400,2026-04-05 01:19:10.400,66994.7,0.020267,False,BUY,1000168
1775351950700,2026-04-05 01:19:10.700,66994.93,0.007257,True,SELL,1000169
1775351951000,2026-04-05 01:19:11.000,66995.52,0.002664,True,SELL,1000170
1775351951300,2026-04-05 01:19:11.300,66995.09,0.00404,False,BUY,1000171
1775351951600,2026-04-05 01:19:11.600,66994.85,0.004601,True,SELL,1000172
1775351951900,2026-04-05 01:19:11.900,66994.55,0.002108,True,SELL,1000173
1775351952200,2026-04-05 01:19:12.200,66994.35,0.032085,True,SELL,1000174
1775351952500,2026-04-05 01:19:12.500,66994.19,0.053017,True,SELL,1000175
1775351952800,2026-04-05 01:19:12.800,66994.15,0.004664,True,SELL,1000176
1775351953100,2026-04-05 01:19:13.100,66994.02,0.05167,False,BUY,1000177
1775351953400,2026-04-05 01:19:13.400,66994.27,0.051792,True,SELL,1000178
1775351953700,2026-04-05 01:19:13.700,66994.78,0.001104,True,SELL,1000179
1775351954000,2026-04-05 01:19:14.000,66994.45,0.013797,False,BUY,1000180
1775351954300,2026-04-05 01:19:14.300,66993.86,0.065334,False,BUY,1000181
1775351954600,2026-04-05 01:19:14.600,66993.68,0.019126,True,SELL,1000182
1775351954900,2026-04-05 01:19:14.900,66994.44,0.028453,False,BUY,1000183
1775351955200,2026-04-05 01:19:15.200,66994.92,0.031801,True,SELL,1000184
1775351955500,2026-04-05 01:19:15.500,66994.5,0.081762,False,BUY,1000185
1775351955800,2026-04-05 01:19:15.800,66994.77,0.029484,True,SELL,1000186
1775351956100,2026-04-05 01:19:16.100,66995.01,0.01696,True,SELL,1000187
1775351956400,2026-04-05 01:19:16.400,66994.49,0.001967,False,BUY,1000188
1775351956700,2026-04-05 01:19:16.700,66994.7,0.017904,True,SELL,1000189
1775351957000,2026-04-05 01:19:17.000,66995.36,0.037978,False,BUY,1000190
1775351957300,2026-04-05 01:19:17.300,66995.27,0.014378,True,SELL,1000191
1775351957600,2026-04-05 01:19:17.600,66994.95,0.003405,False,BUY,1000192
1775351957900,2026-04-05 01:19:17.900,66994.78,0.02735,False,BUY,1000193
1775351958200,2026-04-05 01:19:18.200,66995.53,0.010799,True,SELL,1000194
1775351958500,2026-04-05 01:19:18.500,66995.25,0.009289,False,BUY,1000195
1775351958800,2026-04-05 01:19:18.800,66995.83,0.007709,True,SELL,1000196
1775351959100,2026-04-05 01:19:19.100,66995.69,0.03241,False,BUY,1000197
1775351959400,2026-04-05 01:19:19.400,66995.37,0.001366,False,BUY,1000198
1775351959700,2026-04-05 01:19:19.700,66995.55,0.017045,True,SELL,1000199
1775351960000,2026-04-05 01:19:20.000,66995.27,0.026644,True,SELL,1000200
1775351960300,2026-04-05 01:19:20.300,66995.33,0.030916,True,SELL,1000201
1775351960600,2026-04-05 01:19:20.600,66995.68,0.016139,True,SELL,1000202
1775351960900,2026-04-05 01:19:20.900,66994.86,0.00825,False,BUY,1000203
1775351961200,2026-04-05 01:19:21.200,66995.06,0.020971,True,SELL,1000204
1775351961500,2026-04-05 01:19:21.500,66995.25,0.009974,False,BUY,1000205
1775351961800,2026-04-05 01:19:21.800,66995.54,0.005745,True,SELL,1000206
1775351962100,2026-04-05 01:19:22.100,66995.11,0.004918,True,SELL,1000207
1775351962400,2026-04-05 01:19:22.400,66995.58,0.033698,True,SELL,1000208
1775351962700,2026-04-05 01:19:22.700,66995.49,0.001799,True,SELL,1000209
1775351963000,2026-04-05 01:19:23.000,66994.61,0.006106,False,BUY,1000210
1775351963300,2026-04-05 01:19:23.300,66993.84,0.02806,False,BUY,1000211
1775351963600,2026-04-05 01:19:23.600,66994.54,0.018236,True,SELL,1000212
1775351963900,2026-04-05 01:19:23.900,66993.84,0.015792,True,SELL,1000213
1775351964200,2026-04-05 01:19:24.200,66994.18,0.004298,False,BUY,1000214
1775351964500,2026-04-05 01:19:24.500,66993.81,0.038132,False,BUY,1000215
1775351964800,2026-04-05 01:19:24.800,66993.48,0.01884,True,SELL,1000216
1775351965100,2026-04-05 01:19:25.100,66994.01,0.075312,False,BUY,1000217
1775351965400,2026-04-05 01:19:25.400,66993.99,0.018095,True,SELL,1000218
1775351965700,2026-04-05 01:19:25.700,66993.84,0.003785,False,BUY,1000219
1775351966000,2026-04-05 01:19:26.000,66994.03,0.05123,True,SELL,1000220
1775351966300,2026-04-05 01:19:26.300,66994.1,0.047898,False,BUY,1000221
1775351966600,2026-04-05 01:19:26.600,66994.13,0.085584,True,SELL,1000222
1775351966900,2026-04-05 01:19:26.900,66993.63,0.01793,True,SELL,1000223
1775351967200,2026-04-05 01:19:27.200,66993.55,0.025872,True,SELL,1000224
1775351967500,2026-04-05 01:19:27.500,66993.53,0.037079,True,SELL,1000225
1775351967800,2026-04-05 01:19:27.800,66993.71,0.015173,False,BUY,1000226
1775351968100,2026-04-05 01:19:28.100,66994.55,0.002984,True,SELL,1000227
1775351968400,2026-04-05 01:19:28.400,66994.42,0.006243,True,SELL,1000228
1775351968700,2026-04-05 01:19:28.700,66993.9,0.023637,True,SELL,1000229
1775351969000,2026-04-05 01:19:29.000,66993.75,0.038536,True,SELL,1000230
1775351969300,2026-04-05 01:19:29.300,66994.76,0.001354,False,BUY,1000231
1775351969600,2026-04-05 01:19:29.600,66993.96,0.027968,False,BUY,1000232
1775351969900,2026-04-05 01:19:29.900,66993.71,0.005232,True,SELL,1000233
1775351970200,2026-04-05 01:19:30.200,66993.68,0.00668,True,SELL,1000234
1775351970500,2026-04-05 01:19:30.500,66993.64,0.004791,True,SELL,1000235
1775351970800,2026-04-05 01:19:30.800,66993.95,0.006201,False,BUY,1000236
1775351971100,2026-04-05 01:19:31.100,66994.36,0.003844,False,BUY,1000237
1775351971400,2026-04-05 01:19:31.400,66994.45,0.001054,True,SELL,1000238
1775351971700,2026-04-05 01:19:31.700,66994.78,0.005607,True,SELL,1000239
1775351972000,2026-04-05 01:19:32.000,66995.31,0.01649,True,SELL,1000240
1775351972300,2026-04-05 01:19:32.300,66995.57,0.002798,True,SELL,1000241
1775351972600,2026-04-05 01:19:32.600,66994.97,0.013485,False,BUY,1000242
1775351972900,2026-04-05 01:19:32.900,66994.82,0.001219,False,BUY,1000243
1775351973200,2026-04-05 01:19:33.200,66995.33,0.004822,False,BUY,1000244
1775351973500,2026-04-05 01:19:33.500,66995.39,0.001655,True,SELL,1000245
1775351973800,2026-04-05 01:19:33.800,66995.34,0.120251,True,SELL,1000246
1775351974100,2026-04-05 01:19:34.100,66995.66,0.009462,True,SELL,1000247
1775351974400,2026-04-05 01:19:34.400,66995.03,0.015332,True,SELL,1000248
1775351974700,2026-04-05 01:19:34.700,66994.92,0.004176,False,BUY,1000249
1775351975000,2026-04-05 01:19:35.000,66995.75,0.02349,False,BUY,1000250
1775351975300,2026-04-05 01:19:35.300,66995.74,0.008428,True,SELL,1000251
1775351975600,2026-04-05 01:19:35.600,66996.71,0.004131,False,BUY,1000252
1775351975900,2026-04-05 01:19:35.900,66996.24,0.070188,True,SELL,1000253
1775351976200,2026-04-05 01:19:36.200,66995.41,0.025253,True,SELL,1000254
1775351976500,2026-04-05 01:19:36.500,66996.28,0.024831,False,BUY,1000255
1775351976800,2026-04-05 01:19:36.800,66996.29,0.003934,False,BUY,1000256
1775351977100,2026-04-05 01:19:37.100,66996.32,0.0153,True,SELL,1000257
1775351977400,2026-04-05 01:19:37.400,66995.49,0.005771,False,BUY,1000258
1775351977700,2026-04-05 01:19:37.700,66995.5,0.009117,True,SELL,1000259
1775351978000,2026-04-05 01:19:38.000,66996.2,0.030684,True,SELL,1000260
1775351978300,2026-04-05 01:19:38.300,66996.1,0.006939,True,SELL,1000261
1775351978600,2026-04-05 01:19:38.600,66996.71,0.010087,False,BUY,1000262
1775351978900,2026-04-05 01:19:38.900,66997.22,0.005724,False,BUY,1000263
1775351979200,2026-04-05 01:19:39.200,66996.81,0.007553,False,BUY,1000264
1775351979500,2026-04-05 01:19:39.500,66996.43,0.029141,False,BUY,1000265
1775351979800,2026-04-05 01:19:39.800,66996.52,0.011245,False,BUY,1000266
1775351980100,2026-04-05 01:19:40.100,66996.86,0.008767,False,BUY,1000267
1775351980400,2026-04-05 01:19:40.400,66996.64,0.008709,True,SELL,1000268
1775351980700,2026-04-05 01:19:40.700,66995.84,0.001935,True,SELL,1000269
1775351981000,2026-04-05 01:19:41.000,66996.71,0.00218,True,SELL,1000270
1775351981300,2026-04-05 01:19:41.300,66997.41,0.027562,True,SELL,1000271
1775351981600,2026-04-05 01:19:41.600,66996.87,0.014174,False,BUY,1000272
1775351981900,2026-04-05 01:19:41.900,66996.48,0.021789,False,BUY,1000273
1775351982200,2026-04-05 01:19:42.200,66997.04,0.011515,False,BUY,1000274
1775351982500,2026-04-05 01:19:42.500,66996.68,0.033455,False,BUY,1000275
1775351982800,2026-04-05 01:19:42.800,66997.11,0.048814,False,BUY,1000276
1775351983100,2026-04-05 01:19:43.100,66996.18,0.005065,True,SELL,1000277
1775351983400,2026-04-05 01:19:43.400,66996.56,0.005822,True,SELL,1000278
1775351983700,2026-04-05 01:19:43.700,66996.2,0.013614,True,SELL,1000279
1775351984000,2026-04-05 01:19:44.000,66996.96,0.012924,False,BUY,1000280
1775351984300,2026-04-05 01:19:44.300,66997.61,0.062314,True,SELL,1000281
1775351984600,2026-04-05 01:19:44.600,66997.98,0.018702,False,BUY,1000282
1775351984900,2026-04-05 01:19:44.900,66998.31,0.024254,True,SELL,1000283
1775351985200,2026-04-05 01:19:45.200,66998.33,0.014221,True,SELL,1000284
1775351985500,2026-04-05 01:19:45.500,66997.74,0.036655,False,BUY,1000285
1775351985800,2026-04-05 01:19:45.800,66997.9,0.013157,True,SELL,1000286
1775351986100,2026-04-05 01:19:46.100,66998.62,0.025912,True,SELL,1000287
1775351986400,2026-04-05 01:19:46.400,66998.22,0.012873,False,BUY,1000288
1775351986700,2026-04-05 01:19:46.700,66998.78,0.001835,False,BUY,1000289
1775351987000,2026-04-05 01:19:47.000,66999.3,0.001,True,SELL,1000290
1775351987300,2026-04-05 01:19:47.300,66999.35,0.016165,False,BUY,1000291
1775351987600,2026-04-05 01:19:47.600,66999.71,0.028393,False,BUY,1000292
1775351987900,2026-04-05 01:19:47.900,66999.3,0.023837,True,SELL,1000293
1775351988200,2026-04-05 01:19:48.200,66999.9,0.007173,True,SELL,1000294
1775351988500,2026-04-05 01:19:48.500,66999.92,0.010187,False,BUY,1000295
1775351988800,2026-04-05 01:19:48.800,67000.25,0.008619,False,BUY,1000296
1775351989100,2026-04-05 01:19:49.100,67000.86,0.015629,True,SELL,1000297
1775351989400,2026-04-05 01:19:49.400,67001.52,0.015605,False,BUY,1000298
1775351989700,2026-04-05 01:19:49.700,67000.93,0.011891,False,BUY,1000299
1775351990000,2026-04-05 01:19:50.000,67002.01,0.001,False,BUY,1000300
1775351990300,2026-04-05 01:19:50.300,67001.42,0.005327,False,BUY,1000301
1775351990600,2026-04-05 01:19:50.600,67001.91,0.005304,True,SELL,1000302
1775351990900,2026-04-05 01:19:50.900,67002.13,0.012774,False,BUY,1000303
1775351991200,2026-04-05 01:19:51.200,67002.02,0.001,True,SELL,1000304
1775351991500,2026-04-05 01:19:51.500,67002.15,0.014087,True,SELL,1000305
1775351991800,2026-04-05 01:19:51.800,67002.07,0.005693,True,SELL,1000306
1775351992100,2026-04-05 01:19:52.100,67002.66,0.055481,False,BUY,1000307
1775351992400,2026-04-05 01:19:52.400,67002.43,0.027721,True,SELL,1000308
1775351992700,2026-04-05 01:19:52.700,67001.42,0.042107,False,BUY,1000309
1775351993000,2026-04-05 01:19:53.000,67001.09,0.059271,True,SELL,1000310
1775351993300,2026-04-05 01:19:53.300,67001.42,0.036621,False,BUY,1000311
1775351993600,2026-04-05 01:19:53.600,67002.01,0.005065,False,BUY,1000312
1775351993900,2026-04-05 01:19:53.900,67002.2,0.021589,False,BUY,1000313
1775351994200,2026-04-05 01:19:54.200,67002.26,0.012192,False,BUY,1000314
1775351994500,2026-04-05 01:19:54.500,67001.52,0.015219,True,SELL,1000315
1775351994800,2026-04-05 01:19:54.800,67001.07,0.019608,False,BUY,1000316
1775351995100,2026-04-05 01:19:55.100,67000.92,0.021581,False,BUY,1000317
1775351995400,2026-04-05 01:19:55.400,67000.35,0.057876,True,SELL,1000318
1775351995700,2026-04-05 01:19:55.700,67000.87,0.036822,False,BUY,1000319
1775351996000,2026-04-05 01:19:56.000,67001.07,0.006158,True,SELL,1000320
1775351996300,2026-04-05 01:19:56.300,67001.21,0.062393,True,SELL,1000321
1775351996600,2026-04-05 01:19:56.600,67000.82,0.019769,False,BUY,1000322
1775351996900,2026-04-05 01:19:56.900,67000.17,0.014372,True,SELL,1000323
1775351997200,2026-04-05 01:19:57.200,66999.94,0.004817,True,SELL,1000324
1775351997500,2026-04-05 01:19:57.500,66999.69,0.003216,True,SELL,1000325
1775351997800,2026-04-05 01:19:57.800,67000.05,0.001642,False,BUY,1000326
1775351998100,2026-04-05 01:19:58.100,67000.54,0.00313,False,BUY,1000327
1775351998400,2026-04-05 01:19:58.400,67000.73,0.014999,False,BUY,1000328
1775351998700,2026-04-05 01:19:58.700,67000.66,0.010431,True,SELL,1000329
1775351999000,2026-04-05 01:19:59.000,67000.84,0.067657,True,SELL,1000330
1775351999300,2026-04-05 01:19:59.300,67000.72,0.06046,False,BUY,1000331
1775351999600,2026-04-05 01:19:59.600,67000.79,0.010679,False,BUY,1000332
1775351999900,2026-04-05 01:19:59.900,67000.71,0.004991,True,SELL,1000333
1775352000200,2026-04-05 01:20:00.200,67000.42,0.002733,True,SELL,1000334
1775352000500,2026-04-05 01:20:00.500,66999.98,0.021783,False,BUY,1000335
1775352000800,2026-04-05 01:20:00.800,66999.33,0.016978,False,BUY,1000336
1775352001100,2026-04-05 01:20:01.100,66999.12,0.007867,False,BUY,1000337
1775352001400,2026-04-05 01:20:01.400,66999.24,0.001,True,SELL,1000338
1775352001700,2026-04-05 01:20:01.700,66998.35,0.036492,True,SELL,1000339
1775352002000,2026-04-05 01:20:02.000,66997.67,0.00171,False,BUY,1000340
1775352002300,2026-04-05 01:20:02.300,66997.31,0.023574,True,SELL,1000341
1775352002600,2026-04-05 01:20:02.600,66997.56,0.01176,True,SELL,1000342
1775352002900,2026-04-05 01:20:02.900,66998.14,0.011346,False,BUY,1000343
1775352003200,2026-04-05 01:20:03.200,66997.95,0.00605,False,BUY,1000344
1775352003500,2026-04-05 01:20:03.500,66997.99,0.027859,True,SELL,1000345
1775352003800,2026-04-05 01:20:03.800,66998.29,0.009455,False,BUY,1000346
1775352004100,2026-04-05 01:20:04.100,66998.73,0.163073,False,BUY,1000347
1775352004400,2026-04-05 01:20:04.400,66999.13,0.009111,False,BUY,1000348
1775352004700,2026-04-05 01:20:04.700,67000.04,0.048036,False,BUY,1000349
1775352005000,2026-04-05 01:20:05.000,66999.45,0.028347,True,SELL,1000350
1775352005300,2026-04-05 01:20:05.300,66999.73,0.049887,True,SELL,1000351
1775352005600,2026-04-05 01:20:05.600,66999.71,0.001002,True,SELL,1000352
1775352005900,2026-04-05 01:20:05.900,67000.05,0.001,True,SELL,1000353
1775352006200,2026-04-05 01:20:06.200,67000.53,0.015857,False,BUY,1000354
1775352006500,2026-04-05 01:20:06.500,67000.04,0.018252,False,BUY,1000355
1775352006800,2026-04-05 01:20:06.800,67000.48,0.002314,True,SELL,1000356
1775352007100,2026-04-05 01:20:07.100,67000.78,0.02868,False,BUY,1000357
1775352007400,2026-04-05 01:20:07.400,66999.97,0.006202,True,SELL,1000358
1775352007700,2026-04-05 01:20:07.700,67000.91,0.006782,False,BUY,1000359
1775352008000,2026-04-05 01:20:08.000,67001.94,0.004857,False,BUY,1000360
1775352008300,2026-04-05 01:20:08.300,67002.99,0.0018,False,BUY,1000361
1775352008600,2026-04-05 01:20:08.600,67002.43,0.00233,False,BUY,1000362
1775352008900,2026-04-05 01:20:08.900,67002.01,0.001593,False,BUY,1000363
1775352009200,2026-04-05 01:20:09.200,67002.23,0.004212,True,SELL,1000364
1775352009500,2026-04-05 01:20:09.500,67002.0,0.007761,False,BUY,1000365
1775352009800,2026-04-05 01:20:09.800,67001.64,0.02661,False,BUY,1000366
1775352010100,2026-04-05 01:20:10.100,67000.94,0.017586,False,BUY,1000367
1775352010400,2026-04-05 01:20:10.400,67001.21,0.007506,True,SELL,1000368
1775352010700,2026-04-05 01:20:10.700,67001.81,0.02412,True,SELL,1000369
1775352011000,2026-04-05 01:20:11.000,67002.27,0.010689,False,BUY,1000370
1775352011300,2026-04-05 01:20:11.300,67002.75,0.013328,True,SELL,1000371
1775352011600,2026-04-05 01:20:11.600,67003.25,0.001,True,SELL,1000372
1775352011900,2026-04-05 01:20:11.900,67003.66,0.006797,False,BUY,1000373
1775352012200,2026-04-05 01:20:12.200,67003.98,0.001,True,SELL,1000374
1775352012500,2026-04-05 01:20:12.500,67004.1,0.003125,True,SELL,1000375
1775352012800,2026-04-05 01:20:12.800,67003.68,0.006182,True,SELL,1000376
1775352013100,2026-04-05 01:20:13.100,67003.07,0.001,False,BUY,1000377
1775352013400,2026-04-05 01:20:13.400,67002.39,0.013684,False,BUY,1000378
1775352013700,2026-04-05 01:20:13.700,67002.24,0.019416,False,BUY,1000379
1775352014000,2026-04-05 01:20:14.000,67002.33,0.001,False,BUY,1000380
1775352014300,2026-04-05 01:20:14.300,67002.04,0.01312,True,SELL,1000381
1775352014600,2026-04-05 01:20:14.600,67002.4,0.019902,True,SELL,1000382
1775352014900,2026-04-05 01:20:14.900,67002.38,0.012612,False,BUY,1000383
1775352015200,2026-04-05 01:20:15.200,67001.91,0.002219,True,SELL,1000384
1775352015500,2026-04-05 01:20:15.500,67001.92,0.002724,False,BUY,1000385
1775352015800,2026-04-05 01:20:15.800,67002.08,0.044337,True,SELL,1000386
1775352016100,2026-04-05 01:20:16.100,67001.12,0.005639,False,BUY,1000387
1775352016400,2026-04-05 01:20:16.400,67001.6,0.026066,True,SELL,1000388
1775352016700,2026-04-05 01:20:16.700,67001.1,0.006487,False,BUY,1000389
1775352017000,2026-04-05 01:20:17.000,67000.82,0.015397,True,SELL,1000390
1775352017300,2026-04-05 01:20:17.300,67000.99,0.001892,True,SELL,1000391
1775352017600,2026-04-05 01:20:17.600,67000.49,0.00988,True,SELL,1000392
1775352017900,2026-04-05 01:20:17.900,67001.01,0.097412,False,BUY,1000393
1775352018200,2026-04-05 01:20:18.200,67001.8,0.001,True,SELL,1000394
1775352018500,2026-04-05 01:20:18.500,67001.56,0.015096,False,BUY,1000395
1775352018800,2026-04-05 01:20:18.800,67001.59,0.027,False,BUY,1000396
1775352019100,2026-04-05 01:20:19.100,67001.05,0.010928,False,BUY,1000397
1775352019400,2026-04-05 01:20:19.400,67000.73,0.001,False,BUY,1000398
1775352019700,2026-04-05 01:20:19.700,67001.33,0.036614,False,BUY,1000399
1775352020000,2026-04-05 01:20:20.000,67000.97,0.014242,False,BUY,1000400
1775352020300,2026-04-05 01:20:20.300,67000.74,0.008752,False,BUY,1000401
1775352020600,2026-04-05 01:20:20.600,67000.8,0.048387,True,SELL,1000402
1775352020900,2026-04-05 01:20:20.900,67000.88,0.02256,False,BUY,1000403
1775352021200,2026-04-05 01:20:21.200,67001.35,0.022031,True,SELL,1000404
1775352021500,2026-04-05 01:20:21.500,67001.07,0.011275,False,BUY,1000405
1775352021800,2026-04-05 01:20:21.800,67000.56,0.002877,False,BUY,1000406
1775352022100,2026-04-05 01:20:22.100,67000.69,0.00744,False,BUY,1000407
1775352022400,2026-04-05 01:20:22.400,67000.48,0.016655,True,SELL,1000408
1775352022700,2026-04-05 01:20:22.700,67000.69,0.061517,False,BUY,1000409
1775352023000,2026-04-05 01:20:23.000,67000.95,0.007379,False,BUY,1000410
1775352023300,2026-04-05 01:20:23.300,67000.08,0.001158,True,SELL,1000411
1775352023600,2026-04-05 01:20:23.600,66998.59,0.044433,False,BUY,1000412
1775352023900,2026-04-05 01:20:23.900,66998.35,0.018715,False,BUY,1000413
1775352024200,2026-04-05 01:20:24.200,66998.65,0.001541,False,BUY,1000414
1775352024500,2026-04-05 01:20:24.500,66998.08,0.021924,False,BUY,1000415
1775352024800,2026-04-05 01:20:24.800,66997.94,0.003768,False,BUY,1000416
1775352025100,2026-04-05 01:20:25.100,66997.93,0.017968,True,SELL,1000417
1775352025400,2026-04-05 01:20:25.400,66998.01,0.012091,True,SELL,1000418
1775352025700,2026-04-05 01:20:25.700,66997.56,0.041922,False,BUY,1000419
1775352026000,2026-04-05 01:20:26.000,66997.66,0.007507,True,SELL,1000420
1775352026300,2026-04-05 01:20:26.300,66998.06,0.003031,True,SELL,1000421
1775352026600,2026-04-05 01:20:26.600,66997.94,0.028665,True,SELL,1000422
1775352026900,2026-04-05 01:20:26.900,66998.93,0.033012,False,BUY,1000423
1775352027200,2026-04-05 01:20:27.200,66997.88,0.010287,False,BUY,1000424
1775352027500,2026-04-05 01:20:27.500,66997.37,0.001089,True,SELL,1000425
1775352027800,2026-04-05 01:20:27.800,66996.98,0.009609,False,BUY,1000426
1775352028100,2026-04-05 01:20:28.100,66997.52,0.088017,True,SELL,1000427
1775352028400,2026-04-05 01:20:28.400,66997.33,0.014838,False,BUY,1000428
1775352028700,2026-04-05 01:20:28.700,66995.85,0.002308,True,SELL,1000429
1775352029000,2026-04-05 01:20:29.000,66996.13,0.010974,False,BUY,1000430
1775352029300,2026-04-05 01:20:29.300,66996.54,0.013107,True,SELL,1000431
1775352029600,2026-04-05 01:20:29.600,66995.93,0.01449,True,SELL,1000432
1775352029900,2026-04-05 01:20:29.900,66996.5,0.017912,False,BUY,1000433
1775352030200,2026-04-05 01:20:30.200,66996.86,0.001,False,BUY,1000434
1775352030500,2026-04-05 01:20:30.500,66996.57,0.040088,False,BUY,1000435
1775352030800,2026-04-05 01:20:30.800,66996.78,0.012751,True,SELL,1000436
1775352031100,2026-04-05 01:20:31.100,66996.31,0.027337,True,SELL,1000437
1775352031400,2026-04-05 01:20:31.400,66996.81,0.005463,True,SELL,1000438
1775352031700,2026-04-05 01:20:31.700,66995.69,0.00276,False,BUY,1000439
1775352032000,2026-04-05 01:20:32.000,66996.57,0.00599,False,BUY,1000440
1775352032300,2026-04-05 01:20:32.300,66996.26,0.009519,False,BUY,1000441
1775352032600,2026-04-05 01:20:32.600,66996.37,0.046543,False,BUY,1000442
1775352032900,2026-04-05 01:20:32.900,66995.92,0.040096,True,SELL,1000443
1775352033200,2026-04-05 01:20:33.200,66995.99,0.040887,False,BUY,1000444
1775352033500,2026-04-05 01:20:33.500,66996.27,0.015038,True,SELL,1000445
1775352033800,2026-04-05 01:20:33.800,66996.08,0.025394,True,SELL,1000446
1775352034100,2026-04-05 01:20:34.100,66995.54,0.013977,True,SELL,1000447
1775352034400,2026-04-05 01:20:34.400,66995.36,0.017037,True,SELL,1000448
1775352034700,2026-04-05 01:20:34.700,66995.16,0.02234,False,BUY,1000449
1775352035000,2026-04-05 01:20:35.000,66995.88,0.054171,True,SELL,1000450
1775352035300,2026-04-05 01:20:35.300,66996.83,0.012352,False,BUY,1000451
1775352035600,2026-04-05 01:20:35.600,66997.98,0.026384,True,SELL,1000452
1775352035900,2026-04-05 01:20:35.900,66998.55,0.002617,True,SELL,1000453
1775352036200,2026-04-05 01:20:36.200,66999.02,0.021571,True,SELL,1000454
1775352036500,2026-04-05 01:20:36.500,66999.17,0.009982,False,BUY,1000455
1775352036800,2026-04-05 01:20:36.800,67000.07,0.029644,False,BUY,1000456
1775352037100,2026-04-05 01:20:37.100,67000.04,0.001,True,SELL,1000457
1775352037400,2026-04-05 01:20:37.400,67000.28,0.004425,True,SELL,1000458
1775352037700,2026-04-05 01:20:37.700,67000.1,0.056701,False,BUY,1000459
1775352038000,2026-04-05 01:20:38.000,67001.06,0.015878,False,BUY,1000460
1775352038300,2026-04-05 01:20:38.300,67000.41,0.001,False,BUY,1000461
1775352038600,2026-04-05 01:20:38.600,67000.4,0.005061,True,SELL,1000462
1775352038900,2026-04-05 01:20:38.900,67000.6,0.039217,False,BUY,1000463
1775352039200,2026-04-05 01:20:39.200,67001.41,0.020391,True,SELL,1000464
1775352039500,2026-04-05 01:20:39.500,67001.67,0.024474,True,SELL,1000465
1775352039800,2026-04-05 01:20:39.800,67001.44,0.002181,False,BUY,1000466
1775352040100,2026-04-05 01:20:40.100,67002.09,0.014944,False,BUY,1000467
1775352040400,2026-04-05 01:20:40.400,67001.12,0.03665,False,BUY,1000468
1775352040700,2026-04-05 01:20:40.700,67002.23,0.008383,False,BUY,1000469
1775352041000,2026-04-05 01:20:41.000,67002.29,0.018399,True,SELL,1000470
1775352041300,2026-04-05 01:20:41.300,67002.65,0.05224,True,SELL,1000471
1775352041600,2026-04-05 01:20:41.600,67002.89,0.025344,False,BUY,1000472
1775352041900,2026-04-05 01:20:41.900,67003.34,0.036768,False,BUY,1000473
1775352042200,2026-04-05 01:20:42.200,67003.66,0.01444,False,BUY,1000474
1775352042500,2026-04-05 01:20:42.500,67002.4,0.001,False,BUY,1000475
1775352042800,2026-04-05 01:20:42.800,67003.0,0.029367,True,SELL,1000476
1775352043100,2026-04-05 01:20:43.100,67003.19,0.008855,False,BUY,1000477
1775352043400,2026-04-05 01:20:43.400,67003.48,0.003601,True,SELL,1000478
1775352043700,2026-04-05 01:20:43.700,67003.9,0.027585,False,BUY,1000479
1775352044000,2026-04-05 01:20:44.000,67002.7,0.003643,False,BUY,1000480
1775352044300,2026-04-05 01:20:44.300,67003.47,0.003047,False,BUY,1000481
1775352044600,2026-04-05 01:20:44.600,67003.92,0.005932,True,SELL,1000482
1775352044900,2026-04-05 01:20:44.900,67002.63,0.005235,True,SELL,1000483
1775352045200,2026-04-05 01:20:45.200,67002.86,0.024607,True,SELL,1000484
1775352045500,2026-04-05 01:20:45.500,67003.94,0.001293,False,BUY,1000485
1775352045800,2026-04-05 01:20:45.800,67004.32,0.007408,False,BUY,1000486
1775352046100,2026-04-05 01:20:46.100,67004.63,0.001714,True,SELL,1000487
1775352046400,2026-04-05 01:20:46.400,67005.89,0.024064,True,SELL,1000488
1775352046700,2026-04-05 01:20:46.700,67005.61,0.003458,True,SELL,1000489
1775352047000,2026-04-05 01:20:47.000,67005.86,0.001929,True,SELL,1000490
1775352047300,2026-04-05 01:20:47.300,67006.96,0.004562,True,SELL,1000491
1775352047600,2026-04-05 01:20:47.600,67006.65,0.033695,False,BUY,1000492
1775352047900,2026-04-05 01:20:47.900,67006.23,0.028267,True,SELL,1000493
1775352048200,2026-04-05 01:20:48.200,67007.07,0.009101,False,BUY,1000494
1775352048500,2026-04-05 01:20:48.500,67007.36,0.009545,False,BUY,1000495
1775352048800,2026-04-05 01:20:48.800,67006.63,0.001,False,BUY,1000496
1775352049100,2026-04-05 01:20:49.100,67006.87,0.01499,False,BUY,1000497
1775352049400,2026-04-05 01:20:49.400,67006.96,0.014166,True,SELL,1000498
1775352049700,2026-04-05 01:20:49.700,67007.57,0.014643,False,BUY,1000499
1775352050000,2026-04-05 01:20:50.000,67006.8,0.006579,True,SELL,1000500
1775352050300,2026-04-05 01:20:50.300,67006.71,0.001987,True,SELL,1000501
1775352050600,2026-04-05 01:20:50.600,67006.42,0.010264,False,BUY,1000502
1775352050900,2026-04-05 01:20:50.900,67006.64,0.08262,False,BUY,1000503
1775352051200,2026-04-05 01:20:51.200,67006.52,0.058823,True,SELL,1000504
1775352051500,2026-04-05 01:20:51.500,67006.31,0.001,True,SELL,1000505
1775352051800,2026-04-05 01:20:51.800,67006.72,0.019073,True,SELL,1000506
1775352052100,2026-04-05 01:20:52.100,67006.77,0.019146,True,SELL,1000507
1775352052400,2026-04-05 01:20:52.400,67006.65,0.002381,True,SELL,1000508
1775352052700,2026-04-05 01:20:52.700,67006.35,0.004459,False,BUY,1000509
1775352053000,2026-04-05 01:20:53.000,67007.06,0.00706,False,BUY,1000510
1775352053300,2026-04-05 01:20:53.300,67007.65,0.02158,False,BUY,1000511
1775352053600,2026-04-05 01:20:53.600,67006.32,0.013885,True,SELL,1000512
1775352053900,2026-04-05 01:20:53.900,67006.54,0.004474,False,BUY,1000513
1775352054200,2026-04-05 01:20:54.200,67007.38,0.01689,False,BUY,1000514
1775352054500,2026-04-05 01:20:54.500,67007.23,0.022749,False,BUY,1000515
1775352054800,2026-04-05 01:20:54.800,67007.39,0.001,False,BUY,1000516
1775352055100,2026-04-05 01:20:55.100,67007.44,0.072735,False,BUY,1000517
1775352055400,2026-04-05 01:20:55.400,67007.31,0.017149,False,BUY,1000518
1775352055700,2026-04-05 01:20:55.700,67007.83,0.002379,False,BUY,1000519
1775352056000,2026-04-05 01:20:56.000,67008.48,0.007551,True,SELL,1000520
1775352056300,2026-04-05 01:20:56.300,67008.15,0.003673,True,SELL,1000521
1775352056600,2026-04-05 01:20:56.600,67007.85,0.023003,False,BUY,1000522
1775352056900,2026-04-05 01:20:56.900,67008.19,0.03904,False,BUY,1000523
1775352057200,2026-04-05 01:20:57.200,67009.11,0.001,False,BUY,1000524
1775352057500,2026-04-05 01:20:57.500,67010.22,0.009016,False,BUY,1000525
1775352057800,2026-04-05 01:20:57.800,67010.68,0.002993,False,BUY,1000526
1775352058100,2026-04-05 01:20:58.100,67011.25,0.011386,True,SELL,1000527
1775352058400,2026-04-05 01:20:58.400,67010.85,0.007962,False,BUY,1000528
1775352058700,2026-04-05 01:20:58.700,67010.95,0.001,False,BUY,1000529
1775352059000,2026-04-05 01:20:59.000,67010.14,0.014191,False,BUY,1000530
1775352059300,2026-04-05 01:20:59.300,67009.97,0.044413,True,SELL,1000531
1775352059600,2026-04-05 01:20:59.600,67011.24,0.012383,True,SELL,1000532
1775352059900,2026-04-05 01:20:59.900,67011.08,0.003113,True,SELL,1000533
1775352060200,2026-04-05 01:21:00.200,67010.94,0.022022,False,BUY,1000534
1775352060500,2026-04-05 01:21:00.500,67011.2,0.017698,True,SELL,1000535
1775352060800,2026-04-05 01:21:00.800,67011.25,0.010262,False,BUY,1000536
1775352061100,2026-04-05 01:21:01.100,67010.64,0.009622,False,BUY,1000537
1775352061400,2026-04-05 01:21:01.400,67010.11,0.004897,False,BUY,1000538
1775352061700,2026-04-05 01:21:01.700,67009.96,0.0448,True,SELL,1000539
1775352062000,2026-04-05 01:21:02.000,67010.25,0.006586,True,SELL,1000540
1775352062300,2026-04-05 01:21:02.300,67010.08,0.009165,True,SELL,1000541
1775352062600,2026-04-05 01:21:02.600,67009.88,0.031256,True,SELL,1000542
1775352062900,2026-04-05 01:21:02.900,67010.0,0.029002,True,SELL,1000543
1775352063200,2026-04-05 01:21:03.200,67009.63,0.005674,False,BUY,1000544
1775352063500,2026-04-05 01:21:03.500,67009.7,0.003632,False,BUY,1000545
1775352063800,2026-04-05 01:21:03.800,67009.45,0.022845,False,BUY,1000546
1775352064100,2026-04-05 01:21:04.100,67008.7,0.003705,False,BUY,1000547
1775352064400,2026-04-05 01:21:04.400,67008.62,0.001373,False,BUY,1000548
1775352064700,2026-04-05 01:21:04.700,67008.8,0.016445,False,BUY,1000549
1775352065000,2026-04-05 01:21:05.000,67009.54,0.080848,False,BUY,1000550
1775352065300,2026-04-05 01:21:05.300,67010.22,0.014989,False,BUY,1000551
1775352065600,2026-04-05 01:21:05.600,67009.87,0.003082,True,SELL,1000552
1775352065900,2026-04-05 01:21:05.900,67009.48,0.025037,False,BUY,1000553
1775352066200,2026-04-05 01:21:06.200,67009.94,0.009111,False,BUY,1000554
1775352066500,2026-04-05 01:21:06.500,67010.0,0.016268,False,BUY,1000555
1775352066800,2026-04-05 01:21:06.800,67010.32,0.021095,False,BUY,1000556
1775352067100,2026-04-05 01:21:07.100,67009.59,0.014302,True,SELL,1000557
1775352067400,2026-04-05 01:21:07.400,67009.94,0.001083,True,SELL,1000558
1775352067700,2026-04-05 01:21:07.700,67010.36,0.023321,False,BUY,1000559
1775352068000,2026-04-05 01:21:08.000,67010.66,0.007802,False,BUY,1000560
1775352068300,2026-04-05 01:21:08.300,67010.63,0.009354,False,BUY,1000561
1775352068600,2026-04-05 01:21:08.600,67010.56,0.057245,False,BUY,1000562
1775352068900,2026-04-05 01:21:08.900,67010.3,0.006311,True,SELL,1000563
1775352069200,2026-04-05 01:21:09.200,67009.98,0.018517,False,BUY,1000564
1775352069500,2026-04-05 01:21:09.500,67009.81,0.001,True,SELL,1000565
1775352069800,2026-04-05 01:21:09.800,67010.02,0.001,False,BUY,1000566
1775352070100,2026-04-05 01:21:10.100,67010.11,0.008526,True,SELL,1000567
1775352070400,2026-04-05 01:21:10.400,67010.62,0.001275,False,BUY,1000568
1775352070700,2026-04-05 01:21:10.700,67011.35,0.052877,False,BUY,1000569
1775352071000,2026-04-05 01:21:11.000,67011.29,0.011476,True,SELL,1000570
1775352071300,2026-04-05 01:21:11.300,67011.21,0.001,True,SELL,1000571
1775352071600,2026-04-05 01:21:11.600,67010.57,0.026373,False,BUY,1000572
1775352071900,2026-04-05 01:21:11.900,67011.33,0.007006,False,BUY,1000573
1775352072200,2026-04-05 01:21:12.200,67011.77,0.008224,True,SELL,1000574
1775352072500,2026-04-05 01:21:12.500,67011.39,0.012979,True,SELL,1000575
1775352072800,2026-04-05 01:21:12.800,67011.11,0.028234,False,BUY,1000576
1775352073100,2026-04-05 01:21:13.100,67011.5,0.022831,False,BUY,1000577
1775352073400,2026-04-05 01:21:13.400,67011.53,0.042196,True,SELL,1000578
1775352073700,2026-04-05 01:21:13.700,67012.22,0.014481,False,BUY,1000579
1775352074000,2026-04-05 01:21:14.000,67011.84,0.028718,True,SELL,1000580
1775352074300,2026-04-05 01:21:14.300,67011.53,0.020396,True,SELL,1000581
1775352074600,2026-04-05 01:21:14.600,67011.5,0.002057,True,SELL,1000582
1775352074900,2026-04-05 01:21:14.900,67011.05,0.004763,True,SELL,1000583
1775352075200,2026-04-05 01:21:15.200,67011.57,0.012666,False,BUY,1000584
1775352075500,2026-04-05 01:21:15.500,67011.29,0.038613,True,SELL,1000585
1775352075800,2026-04-05 01:21:15.800,67010.95,0.006636,False,BUY,1000586
1775352076100,2026-04-05 01:21:16.100,67011.04,0.007568,False,BUY,1000587
1775352076400,2026-04-05 01:21:16.400,67011.01,0.02607,True,SELL,1000588
1775352076700,2026-04-05 01:21:16.700,67010.78,0.015036,True,SELL,1000589
1775352077000,2026-04-05 01:21:17.000,67010.63,0.007987,False,BUY,1000590
1775352077300,2026-04-05 01:21:17.300,67009.87,0.027719,False,BUY,1000591
1775352077600,2026-04-05 01:21:17.600,67009.42,0.016612,False,BUY,1000592
1775352077900,2026-04-05 01:21:17.900,67010.3,0.056547,False,BUY,1000593
1775352078200,2026-04-05 01:21:18.200,67010.19,0.009445,True,SELL,1000594
1775352078500,2026-04-05 01:21:18.500,67011.18,0.021832,True,SELL,1000595
1775352078800,2026-04-05 01:21:18.800,67011.38,0.021259,False,BUY,1000596
1775352079100,2026-04-05 01:21:19.100,67011.14,0.013786,False,BUY,1000597
1775352079400,2026-04-05 01:21:19.400,67010.87,0.004436,True,SELL,1000598
1775352079700,2026-04-05 01:21:19.700,67011.0,0.003445,True,SELL,1000599
1775352080000,2026-04-05 01:21:20.000,67010.79,0.023481,True,SELL,1000600
1775352080300,2026-04-05 01:21:20.300,67011.43,0.009692,False,BUY,1000601
1775352080600,2026-04-05 01:21:20.600,67011.15,0.015748,True,SELL,1000602
1775352080900,2026-04-05 01:21:20.900,67011.71,0.094169,True,SELL,1000603
1775352081200,2026-04-05 01:21:21.200,67012.06,0.031654,False,BUY,1000604
1775352081500,2026-04-05 01:21:21.500,67011.96,0.006213,False,BUY,1000605
1775352081800,2026-04-05 01:21:21.800,67010.96,0.00998,True,SELL,1000606
1775352082100,2026-04-05 01:21:22.100,67011.14,0.010586,False,BUY,1000607
1775352082400,2026-04-05 01:21:22.400,67011.13,0.01731,True,SELL,1000608
1775352082700,2026-04-05 01:21:22.700,67011.11,0.023673,True,SELL,1000609
1775352083000,2026-04-05 01:21:23.000,67010.75,0.035545,True,SELL,1000610
1775352083300,2026-04-05 01:21:23.300,67010.53,0.005675,True,SELL,1000611
1775352083600,2026-04-05 01:21:23.600,67011.38,0.036127,False,BUY,1000612
1775352083900,2026-04-05 01:21:23.900,67011.24,0.032878,True,SELL,1000613
1775352084200,2026-04-05 01:21:24.200,67011.39,0.003105,False,BUY,1000614
1775352084500,2026-04-05 01:21:24.500,67011.57,0.06765,True,SELL,1000615
1775352084800,2026-04-05 01:21:24.800,67011.31,0.026365,False,BUY,1000616
1775352085100,2026-04-05 01:21:25.100,67011.54,0.011508,True,SELL,1000617
1775352085400,2026-04-05 01:21:25.400,67011.45,0.004547,False,BUY,1000618
1775352085700,2026-04-05 01:21:25.700,67011.88,0.02557,True,SELL,1000619
1775352086000,2026-04-05 01:21:26.000,67012.13,0.016214,False,BUY,1000620
1775352086300,2026-04-05 01:21:26.300,67012.74,0.004047,False,BUY,1000621
1775352086600,2026-04-05 01:21:26.600,67012.53,0.069214,True,SELL,1000622
1775352086900,2026-04-05 01:21:26.900,67011.97,0.008214,True,SELL,1000623
1775352087200,2026-04-05 01:21:27.200,67011.69,0.006581,True,SELL,1000624
1775352087500,2026-04-05 01:21:27.500,67011.34,0.004046,False,BUY,1000625
1775352087800,2026-04-05 01:21:27.800,67011.72,0.028041,True,SELL,1000626
1775352088100,2026-04-05 01:21:28.100,67011.63,0.020415,True,SELL,1000627
1775352088400,2026-04-05 01:21:28.400,67011.76,0.010819,True,SELL,1000628
1775352088700,2026-04-05 01:21:28.700,67013.43,0.053751,True,SELL,1000629
1775352089000,2026-04-05 01:21:29.000,67013.01,0.094985,True,SELL,1000630
1775352089300,2026-04-05 01:21:29.300,67013.35,0.007268,True,SELL,1000631
1775352089600,2026-04-05 01:21:29.600,67014.09,0.017062,True,SELL,1000632
1775352089900,2026-04-05 01:21:29.900,67013.94,0.012332,False,BUY,1000633
1775352090200,2026-04-05 01:21:30.200,67013.85,0.00413,False,BUY,1000634
1775352090500,2026-04-05 01:21:30.500,67014.07,0.004684,False,BUY,1000635
1775352090800,2026-04-05 01:21:30.800,67013.62,0.006846,False,BUY,1000636
1775352091100,2026-04-05 01:21:31.100,67013.61,0.025651,False,BUY,1000637
1775352091400,2026-04-05 01:21:31.400,67013.75,0.003064,True,SELL,1000638
1775352091700,2026-04-05 01:21:31.700,67013.2,0.037849,False,BUY,1000639
1775352092000,2026-04-05 01:21:32.000,67013.13,0.008271,True,SELL,1000640
1775352092300,2026-04-05 01:21:32.300,67012.97,0.031613,False,BUY,1000641
1775352092600,2026-04-05 01:21:32.600,67013.65,0.011778,False,BUY,1000642
1775352092900,2026-04-05 01:21:32.900,67012.87,0.018935,True,SELL,1000643
1775352093200,2026-04-05 01:21:33.200,67012.93,0.012842,True,SELL,1000644
1775352093500,2026-04-05 01:21:33.500,67013.37,0.009971,True,SELL,1000645
1775352093800,2026-04-05 01:21:33.800,67013.35,0.070257,True,SELL,1000646
1775352094100,2026-04-05 01:21:34.100,67013.13,0.008386,False,BUY,1000647
1775352094400,2026-04-05 01:21:34.400,67013.62,0.037416,True,SELL,1000648
1775352094700,2026-04-05 01:21:34.700,67013.1,0.016514,False,BUY,1000649
1775352095000,2026-04-05 01:21:35.000,67013.34,0.043935,False,BUY,1000650
1775352095300,2026-04-05 01:21:35.300,67013.72,0.049316,False,BUY,1000651
1775352095600,2026-04-05 01:21:35.600,67014.89,0.038677,False,BUY,1000652
1775352095900,2026-04-05 01:21:35.900,67015.02,0.005196,False,BUY,1000653
1775352096200,2026-04-05 01:21:36.200,67014.97,0.009345,False,BUY,1000654
1775352096500,2026-04-05 01:21:36.500,67015.47,0.018232,False,BUY,1000655
1775352096800,2026-04-05 01:21:36.800,67015.89,0.026166,True,SELL,1000656
1775352097100,2026-04-05 01:21:37.100,67016.38,0.013818,False,BUY,1000657
1775352097400,2026-04-05 01:21:37.400,67016.46,0.012024,False,BUY,1000658
1775352097700,2026-04-05 01:21:37.700,67017.6,0.017367,True,SELL,1000659
1775352098000,2026-04-05 01:21:38.000,67018.09,0.001,True,SELL,1000660
1775352098300,2026-04-05 01:21:38.300,67018.49,0.016865,False,BUY,1000661
1775352098600,2026-04-05 01:21:38.600,67018.58,0.046827,True,SELL,1000662
1775352098900,2026-04-05 01:21:38.900,67019.01,0.002792,True,SELL,1000663
1775352099200,2026-04-05 01:21:39.200,67018.34,0.015161,False,BUY,1000664
1775352099500,2026-04-05 01:21:39.500,67018.46,0.041667,False,BUY,1000665
1775352099800,2026-04-05 01:21:39.800,67017.96,0.033607,True,SELL,1000666
1775352100100,2026-04-05 01:21:40.100,67017.9,0.034768,True,SELL,1000667
1775352100400,2026-04-05 01:21:40.400,67018.77,0.026475,False,BUY,1000668
1775352100700,2026-04-05 01:21:40.700,67019.07,0.076207,False,BUY,1000669
1775352101000,2026-04-05 01:21:41.000,67018.76,0.030435,True,SELL,1000670
1775352101300,2026-04-05 01:21:41.300,67019.36,0.003504,False,BUY,1000671
1775352101600,2026-04-05 01:21:41.600,67019.9,0.018955,True,SELL,1000672
1775352101900,2026-04-05 01:21:41.900,67019.28,0.06285,True,SELL,1000673
1775352102200,2026-04-05 01:21:42.200,67019.82,0.007869,True,SELL,1000674
1775352102500,2026-04-05 01:21:42.500,67020.34,0.05708,False,BUY,1000675
1775352102800,2026-04-05 01:21:42.800,67020.28,0.025511,True,SELL,1000676
1775352103100,2026-04-05 01:21:43.100,67019.85,0.006912,False,BUY,1000677
1775352103400,2026-04-05 01:21:43.400,67019.12,0.009921,False,BUY,1000678
1775352103700,2026-04-05 01:21:43.700,67019.24,0.02686,True,SELL,1000679
1775352104000,2026-04-05 01:21:44.000,67019.61,0.063283,True,SELL,1000680
1775352104300,2026-04-05 01:21:44.300,67019.31,0.00873,False,BUY,1000681
1775352104600,2026-04-05 01:21:44.600,67019.26,0.003222,False,BUY,1000682
1775352104900,2026-04-05 01:21:44.900,67019.83,0.011004,False,BUY,1000683
1775352105200,2026-04-05 01:21:45.200,67019.22,0.032194,False,BUY,1000684
1775352105500,2026-04-05 01:21:45.500,67019.24,0.049314,False,BUY,1000685
1775352105800,2026-04-05 01:21:45.800,67018.47,0.006767,True,SELL,1000686
1775352106100,2026-04-05 01:21:46.100,67018.2,0.181762,True,SELL,1000687
1775352106400,2026-04-05 01:21:46.400,67018.52,0.016601,True,SELL,1000688
1775352106700,2026-04-05 01:21:46.700,67018.4,0.017266,False,BUY,1000689
1775352107000,2026-04-05 01:21:47.000,67018.77,0.018735,False,BUY,1000690
1775352107300,2026-04-05 01:21:47.300,67019.08,0.016821,True,SELL,1000691
1775352107600,2026-04-05 01:21:47.600,67018.83,0.007834,False,BUY,1000692
1775352107900,2026-04-05 01:21:47.900,67018.75,0.039314,False,BUY,1000693
1775352108200,2026-04-05 01:21:48.200,67019.22,0.00184,False,BUY,1000694
1775352108500,2026-04-05 01:21:48.500,67019.38,0.006381,False,BUY,1000695
1775352108800,2026-04-05 01:21:48.800,67019.32,0.023374,True,SELL,1000696
1775352109100,2026-04-05 01:21:49.100,67019.07,0.003155,True,SELL,1000697
1775352109400,2026-04-05 01:21:49.400,67019.62,0.010944,True,SELL,1000698
1775352109700,2026-04-05 01:21:49.700,67018.82,0.003372,True,SELL,1000699
1775352110000,2026-04-05 01:21:50.000,67018.49,0.001,True,SELL,1000700
1775352110300,2026-04-05 01:21:50.300,67019.23,0.006189,True,SELL,1000701
1775352110600,2026-04-05 01:21:50.600,67019.0,0.04447,False,BUY,1000702
1775352110900,2026-04-05 01:21:50.900,67019.86,0.027569,False,BUY,1000703
1775352111200,2026-04-05 01:21:51.200,67019.75,0.027861,True,SELL,1000704
1775352111500,2026-04-05 01:21:51.500,67019.47,0.003625,False,BUY,1000705
1775352111800,2026-04-05 01:21:51.800,67019.52,0.008456,False,BUY,1000706
1775352112100,2026-04-05 01:21:52.100,67018.76,0.001,True,SELL,1000707
1775352112400,2026-04-05 01:21:52.400,67020.27,0.039981,False,BUY,1000708
1775352112700,2026-04-05 01:21:52.700,67020.2,0.014015,False,BUY,1000709
1775352113000,2026-04-05 01:21:53.000,67019.94,0.00409,True,SELL,1000710
1775352113300,2026-04-05 01:21:53.300,67019.9,0.019262,True,SELL,1000711
1775352113600,2026-04-05 01:21:53.600,67020.59,0.003073,False,BUY,1000712
1775352113900,2026-04-05 01:21:53.900,67020.9,0.002927,False,BUY,1000713
1775352114200,2026-04-05 01:21:54.200,67020.54,0.010922,True,SELL,1000714
1775352114500,2026-04-05 01:21:54.500,67021.34,0.028972,False,BUY,1000715
1775352114800,2026-04-05 01:21:54.800,67021.14,0.011415,False,BUY,1000716
1775352115100,2026-04-05 01:21:55.100,67021.15,0.054587,True,SELL,1000717
1775352115400,2026-04-05 01:21:55.400,67020.66,0.006081,True,SELL,1000718
1775352115700,2026-04-05 01:21:55.700,67021.22,0.015087,False,BUY,1000719
1775352116000,2026-04-05 01:21:56.000,67020.67,0.002191,True,SELL,1000720
1775352116300,2026-04-05 01:21:56.300,67019.8,0.026152,True,SELL,1000721
1775352116600,2026-04-05 01:21:56.600,67020.59,0.004576,True,SELL,1000722
1775352116900,2026-04-05 01:21:56.900,67020.29,0.03185,True,SELL,1000723
1775352117200,2026-04-05 01:21:57.200,67020.52,0.01374,False,BUY,1000724
1775352117500,2026-04-05 01:21:57.500,67020.11,0.042619,True,SELL,1000725
1775352117800,2026-04-05 01:21:57.800,67020.22,0.022259,True,SELL,1000726
1775352118100,2026-04-05 01:21:58.100,67020.44,0.00335,False,BUY,1000727
1775352118400,2026-04-05 01:21:58.400,67020.81,0.010306,True,SELL,1000728
1775352118700,2026-04-05 01:21:58.700,67020.48,0.04821,False,BUY,1000729
1775352119000,2026-04-05 01:21:59.000,67019.76,0.017371,True,SELL,1000730
1775352119300,2026-04-05 01:21:59.300,67020.12,0.007933,False,BUY,1000731
1775352119600,2026-04-05 01:21:59.600,67020.49,0.016823,True,SELL,1000732
1775352119900,2026-04-05 01:21:59.900,67020.06,0.02138,True,SELL,1000733
1775352120200,2026-04-05 01:22:00.200,67020.25,0.021016,False,BUY,1000734
1775352120500,2026-04-05 01:22:00.500,67019.75,0.001064,True,SELL,1000735
1775352120800,2026-04-05 01:22:00.800,67019.34,0.021717,True,SELL,1000736
1775352121100,2026-04-05 01:22:01.100,67020.63,0.00102,False,BUY,1000737
1775352121400,2026-04-05 01:22:01.400,67019.67,0.016096,True,SELL,1000738
1775352121700,2026-04-05 01:22:01.700,67020.02,0.003341,False,BUY,1000739
1775352122000,2026-04-05 01:22:02.000,67019.91,0.001578,True,SELL,1000740
1775352122300,2026-04-05 01:22:02.300,67020.07,0.078549,False,BUY,1000741
1775352122600,2026-04-05 01:22:02.600,67020.18,0.028178,False,BUY,1000742
1775352122900,2026-04-05 01:22:02.900,67019.96,0.007598,True,SELL,1000743
1775352123200,2026-04-05 01:22:03.200,67019.08,0.009945,True,SELL,1000744
1775352123500,2026-04-05 01:22:03.500,67018.95,0.001,False,BUY,1000745
1775352123800,2026-04-05 01:22:03.800,67019.01,0.013348,False,BUY,1000746
1775352124100,2026-04-05 01:22:04.100,67019.25,0.022384,True,SELL,1000747
1775352124400,2026-04-05 01:22:04.400,67019.94,0.053731,False,BUY,1000748
1775352124700,2026-04-05 01:22:04.700,67018.6,0.017635,False,BUY,1000749
1775352125000,2026-04-05 01:22:05.000,67019.3,0.003408,True,SELL,1000750
1775352125300,2026-04-05 01:22:05.300,67019.34,0.00266,False,BUY,1000751
1775352125600,2026-04-05 01:22:05.600,67019.68,0.009169,True,SELL,1000752
1775352125900,2026-04-05 01:22:05.900,67019.1,0.001,True,SELL,1000753
1775352126200,2026-04-05 01:22:06.200,67019.47,0.001,True,SELL,1000754
1775352126500,2026-04-05 01:22:06.500,67018.81,0.010017,True,SELL,1000755
1775352126800,2026-04-05 01:22:06.800,67018.79,0.006662,False,BUY,1000756
1775352127100,2026-04-05 01:22:07.100,67019.52,0.046054,True,SELL,1000757
1775352127400,2026-04-05 01:22:07.400,67019.54,0.003897,False,BUY,1000758
1775352127700,2026-04-05 01:22:07.700,67019.34,0.064223,True,SELL,1000759
1775352128000,2026-04-05 01:22:08.000,67019.16,0.017642,True,SELL,1000760
1775352128300,2026-04-05 01:22:08.300,67019.79,0.009494,True,SELL,1000761
1775352128600,2026-04-05 01:22:08.600,67020.31,0.034311,False,BUY,1000762
1775352128900,2026-04-05 01:22:08.900,67020.02,0.007452,True,SELL,1000763
1775352129200,2026-04-05 01:22:09.200,67019.24,0.001635,True,SELL,1000764
1775352129500,2026-04-05 01:22:09.500,67018.58,0.004204,False,BUY,1000765
1775352129800,2026-04-05 01:22:09.800,67018.51,0.004326,False,BUY,1000766
1775352130100,2026-04-05 01:22:10.100,67019.24,0.033079,False,BUY,1000767
1775352130400,2026-04-05 01:22:10.400,67019.31,0.016993,False,BUY,1000768
1775352130700,2026-04-05 01:22:10.700,67019.77,0.010787,False,BUY,1000769
1775352131000,2026-04-05 01:22:11.000,67019.72,0.019106,True,SELL,1000770
1775352131300,2026-04-05 01:22:11.300,67019.5,0.016939,True,SELL,1000771
1775352131600,2026-04-05 01:22:11.600,67020.09,0.110743,False,BUY,1000772
1775352131900,2026-04-05 01:22:11.900,67019.76,0.004119,False,BUY,1000773
1775352132200,2026-04-05 01:22:12.200,67019.73,0.030938,True,SELL,1000774
1775352132500,2026-04-05 01:22:12.500,67020.88,0.006719,False,BUY,1000775
1775352132800,2026-04-05 01:22:12.800,67021.44,0.02284,False,BUY,1000776
1775352133100,2026-04-05 01:22:13.100,67020.81,0.017786,True,SELL,1000777
1775352133400,2026-04-05 01:22:13.400,67020.22,0.009011,True,SELL,1000778
1775352133700,2026-04-05 01:22:13.700,67020.35,0.012508,False,BUY,1000779
1775352134000,2026-04-05 01:22:14.000,67019.22,0.004151,False,BUY,1000780
1775352134300,2026-04-05 01:22:14.300,67019.59,0.022675,False,BUY,1000781
1775352134600,2026-04-05 01:22:14.600,67019.79,0.0098,False,BUY,1000782
1775352134900,2026-04-05 01:22:14.900,67020.07,0.001633,True,SELL,1000783
1775352135200,2026-04-05 01:22:15.200,67020.16,0.015714,False,BUY,1000784
1775352135500,2026-04-05 01:22:15.500,67019.88,0.041394,True,SELL,1000785
1775352135800,2026-04-05 01:22:15.800,67020.2,0.067878,False,BUY,1000786
1775352136100,2026-04-05 01:22:16.100,67020.33,0.006134,True,SELL,1000787
1775352136400,2026-04-05 01:22:16.400,67020.97,0.004984,False,BUY,1000788
1775352136700,2026-04-05 01:22:16.700,67020.84,0.009228,True,SELL,1000789
1775352137000,2026-04-05 01:22:17.000,67021.01,0.001322,True,SELL,1000790
1775352137300,2026-04-05 01:22:17.300,67020.68,0.002853,False,BUY,1000791
1775352137600,2026-04-05 01:22:17.600,67020.22,0.056027,True,SELL,1000792
1775352137900,2026-04-05 01:22:17.900,67019.83,0.015916,True,SELL,1000793
1775352138200,2026-04-05 01:22:18.200,67020.05,0.018661,False,BUY,1000794
1775352138500,2026-04-05 01:22:18.500,67020.08,0.053279,False,BUY,1000795
1775352138800,2026-04-05 01:22:18.800,67021.03,0.00767,True,SELL,1000796
1775352139100,2026-04-05 01:22:19.100,67022.26,0.003085,True,SELL,1000797
1775352139400,2026-04-05 01:22:19.400,67021.53,0.005318,False,BUY,1000798
1775352139700,2026-04-05 01:22:19.700,67022.29,0.013841,True,SELL,1000799
1775352140000,2026-04-05 01:22:20.000,67021.4,0.014253,False,BUY,1000800
1775352140300,2026-04-05 01:22:20.300,67021.09,0.001654,False,BUY,1000801
1775352140600,2026-04-05 01:22:20.600,67020.94,0.052977,False,BUY,1000802
1775352140900,2026-04-05 01:22:20.900,67021.31,0.032804,True,SELL,1000803
1775352141200,2026-04-05 01:22:21.200,67020.88,0.004503,True,SELL,1000804
1775352141500,2026-04-05 01:22:21.500,67021.42,0.003197,True,SELL,1000805
1775352141800,2026-04-05 01:22:21.800,67022.06,0.008406,True,SELL,1000806
1775352142100,2026-04-05 01:22:22.100,67022.16,0.042105,False,BUY,1000807
1775352142400,2026-04-05 01:22:22.400,67022.23,0.019109,True,SELL,1000808
1775352142700,2026-04-05 01:22:22.700,67023.0,0.01744,False,BUY,1000809
1775352143000,2026-04-05 01:22:23.000,67022.93,0.001284,False,BUY,1000810
1775352143300,2026-04-05 01:22:23.300,67023.18,0.012392,False,BUY,1000811
1775352143600,2026-04-05 01:22:23.600,67022.67,0.038964,False,BUY,1000812
1775352143900,2026-04-05 01:22:23.900,67021.75,0.023558,False,BUY,1000813
1775352144200,2026-04-05 01:22:24.200,67021.96,0.045292,True,SELL,1000814
1775352144500,2026-04-05 01:22:24.500,67022.31,0.020885,False,BUY,1000815
1775352144800,2026-04-05 01:22:24.800,67022.8,0.021462,False,BUY,1000816
1775352145100,2026-04-05 01:22:25.100,67022.67,0.003707,False,BUY,1000817
1775352145400,2026-04-05 01:22:25.400,67022.41,0.015652,False,BUY,1000818
1775352145700,2026-04-05 01:22:25.700,67023.07,0.008742,True,SELL,1000819
1775352146000,2026-04-05 01:22:26.000,67022.93,0.003456,True,SELL,1000820
1775352146300,2026-04-05 01:22:26.300,67022.28,0.050066,True,SELL,1000821
1775352146600,2026-04-05 01:22:26.600,67022.58,0.003796,False,BUY,1000822
1775352146900,2026-04-05 01:22:26.900,67022.12,0.004558,True,SELL,1000823
1775352147200,2026-04-05 01:22:27.200,67022.13,0.001881,True,SELL,1000824
1775352147500,2026-04-05 01:22:27.500,67022.63,0.020435,True,SELL,1000825
1775352147800,2026-04-05 01:22:27.800,67022.68,0.03412,True,SELL,1000826
1775352148100,2026-04-05 01:22:28.100,67022.57,0.005442,True,SELL,1000827
1775352148400,2026-04-05 01:22:28.400,67022.7,0.001,False,BUY,1000828
1775352148700,2026-04-05 01:22:28.700,67022.23,0.034024,False,BUY,1000829
1775352149000,2026-04-05 01:22:29.000,67022.06,0.051061,False,BUY,1000830
1775352149300,2026-04-05 01:22:29.300,67021.7,0.011975,True,SELL,1000831
1775352149600,2026-04-05 01:22:29.600,67021.12,0.015811,True,SELL,1000832
1775352149900,2026-04-05 01:22:29.900,67020.67,0.00669,False,BUY,1000833
1775352150200,2026-04-05 01:22:30.200,67021.05,0.050725,False,BUY,1000834
1775352150500,2026-04-05 01:22:30.500,67021.24,0.002298,True,SELL,1000835
1775352150800,2026-04-05 01:22:30.800,67021.33,0.015973,False,BUY,1000836
1775352151100,2026-04-05 01:22:31.100,67022.12,0.016754,False,BUY,1000837
1775352151400,2026-04-05 01:22:31.400,67021.71,0.017596,True,SELL,1000838
1775352151700,2026-04-05 01:22:31.700,67021.3,0.015675,True,SELL,1000839
1775352152000,2026-04-05 01:22:32.000,67020.85,0.014144,False,BUY,1000840
1775352152300,2026-04-05 01:22:32.300,67021.45,0.012532,True,SELL,1000841
1775352152600,2026-04-05 01:22:32.600,67021.71,0.021802,False,BUY,1000842
1775352152900,2026-04-05 01:22:32.900,67022.89,0.010324,False,BUY,1000843
1775352153200,2026-04-05 01:22:33.200,67023.19,0.005401,True,SELL,1000844
1775352153500,2026-04-05 01:22:33.500,67023.07,0.001,False,BUY,1000845
1775352153800,2026-04-05 01:22:33.800,67022.92,0.027052,True,SELL,1000846
1775352154100,2026-04-05 01:22:34.100,67023.03,0.030163,False,BUY,1000847
1775352154400,2026-04-05 01:22:34.400,67022.75,0.008315,False,BUY,1000848
1775352154700,2026-04-05 01:22:34.700,67023.28,0.047483,True,SELL,1000849
1775352155000,2026-04-05 01:22:35.000,67023.55,0.035227,True,SELL,1000850
1775352155300,2026-04-05 01:22:35.300,67024.48,0.008595,False,BUY,1000851
1775352155600,2026-04-05 01:22:35.600,67024.25,0.059838,True,SELL,1000852
1775352155900,2026-04-05 01:22:35.900,67023.59,0.060793,False,BUY,1000853
1775352156200,2026-04-05 01:22:36.200,67023.06,0.001,False,BUY,1000854
1775352156500,2026-04-05 01:22:36.500,67022.05,0.028101,True,SELL,1000855
1775352156800,2026-04-05 01:22:36.800,67021.86,0.01776,False,BUY,1000856
1775352157100,2026-04-05 01:22:37.100,67022.02,0.018201,False,BUY,1000857
1775352157400,2026-04-05 01:22:37.400,67022.89,0.034384,True,SELL,1000858
1775352157700,2026-04-05 01:22:37.700,67022.2,0.002762,True,SELL,1000859
1775352158000,2026-04-05 01:22:38.000,67023.21,0.093994,True,SELL,1000860
1775352158300,2026-04-05 01:22:38.300,67022.78,0.031924,True,SELL,1000861
1775352158600,2026-04-05 01:22:38.600,67022.74,0.013321,True,SELL,1000862
1775352158900,2026-04-05 01:22:38.900,67023.31,0.004464,False,BUY,1000863
1775352159200,2026-04-05 01:22:39.200,67022.81,0.02506,True,SELL,1000864
1775352159500,2026-04-05 01:22:39.500,67022.91,0.006545,True,SELL,1000865
1775352159800,2026-04-05 01:22:39.800,67022.53,0.04185,True,SELL,1000866
1775352160100,2026-04-05 01:22:40.100,67022.94,0.045716,False,BUY,1000867
1775352160400,2026-04-05 01:22:40.400,67023.64,0.001,False,BUY,1000868
1775352160700,2026-04-05 01:22:40.700,67023.95,0.01342,True,SELL,1000869
1775352161000,2026-04-05 01:22:41.000,67023.73,0.004355,False,BUY,1000870
1775352161300,2026-04-05 01:22:41.300,67023.66,0.004685,False,BUY,1000871
1775352161600,2026-04-05 01:22:41.600,67023.57,0.012493,True,SELL,1000872
1775352161900,2026-04-05 01:22:41.900,67023.36,0.03116,False,BUY,1000873
1775352162200,2026-04-05 01:22:42.200,67023.04,0.072881,True,SELL,1000874
1775352162500,2026-04-05 01:22:42.500,67022.66,0.012963,False,BUY,1000875
1775352162800,2026-04-05 01:22:42.800,67021.76,0.006162,True,SELL,1000876
1775352163100,2026-04-05 01:22:43.100,67022.29,0.028262,False,BUY,1000877
1775352163400,2026-04-05 01:22:43.400,67022.09,0.003852,True,SELL,1000878
1775352163700,2026-04-05 01:22:43.700,67021.89,0.006563,False,BUY,1000879
1775352164000,2026-04-05 01:22:44.000,67021.4,0.027978,False,BUY,1000880
1775352164300,2026-04-05 01:22:44.300,67021.87,0.048336,False,BUY,1000881
1775352164600,2026-04-05 01:22:44.600,67021.17,0.012934,True,SELL,1000882
1775352164900,2026-04-05 01:22:44.900,67021.4,0.015861,False,BUY,1000883
1775352165200,2026-04-05 01:22:45.200,67021.54,0.006197,True,SELL,1000884
1775352165500,2026-04-05 01:22:45.500,67021.62,0.001,True,SELL,1000885
1775352165800,2026-04-05 01:22:45.800,67022.2,0.006728,False,BUY,1000886
1775352166100,2026-04-05 01:22:46.100,67021.88,0.002247,True,SELL,1000887
1775352166400,2026-04-05 01:22:46.400,67021.87,0.009176,True,SELL,1000888
1775352166700,2026-04-05 01:22:46.700,67022.54,0.01031,True,SELL,1000889
1775352167000,2026-04-05 01:22:47.000,67022.56,0.036899,False,BUY,1000890
1775352167300,2026-04-05 01:22:47.300,67022.21,0.001,True,SELL,1000891
1775352167600,2026-04-05 01:22:47.600,67022.01,0.018335,False,BUY,1000892
1775352167900,2026-04-05 01:22:47.900,67022.09,0.008921,True,SELL,1000893
1775352168200,2026-04-05 01:22:48.200,67021.8,0.013373,True,SELL,1000894
1775352168500,2026-04-05 01:22:48.500,67022.23,0.010975,False,BUY,1000895
1775352168800,2026-04-05 01:22:48.800,67023.15,0.001659,False,BUY,1000896
1775352169100,2026-04-05 01:22:49.100,67023.14,0.059546,False,BUY,1000897
1775352169400,2026-04-05 01:22:49.400,67023.88,0.026329,False,BUY,1000898
1775352169700,2026-04-05 01:22:49.700,67024.61,0.03171,False,BUY,1000899
1775352170000,2026-04-05 01:22:50.000,67023.96,0.027358,True,SELL,1000900
1775352170300,2026-04-05 01:22:50.300,67023.76,0.024574,False,BUY,1000901
1775352170600,2026-04-05 01:22:50.600,67023.28,0.002946,False,BUY,1000902
1775352170900,2026-04-05 01:22:50.900,67023.33,0.006359,True,SELL,1000903
1775352171200,2026-04-05 01:22:51.200,67023.99,0.003534,True,SELL,1000904
1775352171500,2026-04-05 01:22:51.500,67023.4,0.042699,False,BUY,1000905
1775352171800,2026-04-05 01:22:51.800,67023.78,0.016909,False,BUY,1000906
1775352172100,2026-04-05 01:22:52.100,67023.53,0.009078,True,SELL,1000907
1775352172400,2026-04-05 01:22:52.400,67023.23,0.010012,False,BUY,1000908
1775352172700,2026-04-05 01:22:52.700,67023.52,0.003384,False,BUY,1000909
1775352173000,2026-04-05 01:22:53.000,67023.38,0.026617,True,SELL,1000910
1775352173300,2026-04-05 01:22:53.300,67022.99,0.019303,False,BUY,1000911
1775352173600,2026-04-05 01:22:53.600,67022.97,0.001386,True,SELL,1000912
1775352173900,2026-04-05 01:22:53.900,67022.43,0.001,True,SELL,1000913
1775352174200,2026-04-05 01:22:54.200,67023.21,0.00406,False,BUY,1000914
1775352174500,2026-04-05 01:22:54.500,67022.97,0.03538,True,SELL,1000915
1775352174800,2026-04-05 01:22:54.800,67022.79,0.005913,True,SELL,1000916
1775352175100,2026-04-05 01:22:55.100,67022.64,0.036635,False,BUY,1000917
1775352175400,2026-04-05 01:22:55.400,67022.37,0.010341,True,SELL,1000918
1775352175700,2026-04-05 01:22:55.700,67022.11,0.004535,False,BUY,1000919
1775352176000,2026-04-05 01:22:56.000,67020.76,0.013244,True,SELL,1000920
1775352176300,2026-04-05 01:22:56.300,67020.56,0.005313,True,SELL,1000921
1775352176600,2026-04-05 01:22:56.600,67019.78,0.013159,True,SELL,1000922
1775352176900,2026-04-05 01:22:56.900,67019.4,0.003131,False,BUY,1000923
1775352177200,2026-04-05 01:22:57.200,67018.75,0.032435,False,BUY,1000924
1775352177500,2026-04-05 01:22:57.500,67019.47,0.052855,False,BUY,1000925
1775352177800,2026-04-05 01:22:57.800,67019.73,0.037823,False,BUY,1000926
1775352178100,2026-04-05 01:22:58.100,67020.1,0.016866,True,SELL,1000927
1775352178400,2026-04-05 01:22:58.400,67019.8,0.027239,True,SELL,1000928
1775352178700,2026-04-05 01:22:58.700,67019.16,0.046311,False,BUY,1000929
1775352179000,2026-04-05 01:22:59.000,67020.16,0.010384,False,BUY,1000930
1775352179300,2026-04-05 01:22:59.300,67020.36,0.017808,False,BUY,1000931
1775352179600,2026-04-05 01:22:59.600,67020.3,0.053671,True,SELL,1000932
1775352179900,2026-04-05 01:22:59.900,67020.96,0.019007,True,SELL,1000933
1775352180200,2026-04-05 01:23:00.200,67020.93,0.00202,False,BUY,1000934
1775352180500,2026-04-05 01:23:00.500,67019.96,0.016514,True,SELL,1000935
1775352180800,2026-04-05 01:23:00.800,67019.44,0.033984,True,SELL,1000936
1775352181100,2026-04-05 01:23:01.100,67020.45,0.003047,True,SELL,1000937
1775352181400,2026-04-05 01:23:01.400,67020.54,0.007728,False,BUY,1000938
1775352181700,2026-04-05 01:23:01.700,67020.76,0.037764,True,SELL,1000939
1775352182000,2026-04-05 01:23:02.000,67020.91,0.004069,True,SELL,1000940
1775352182300,2026-04-05 01:23:02.300,67020.41,0.015227,False,BUY,1000941
1775352182600,2026-04-05 01:23:02.600,67020.34,0.001463,True,SELL,1000942
1775352182900,2026-04-05 01:23:02.900,67020.27,0.012453,False,BUY,1000943
1775352183200,2026-04-05 01:23:03.200,67020.64,0.029011,False,BUY,1000944
1775352183500,2026-04-05 01:23:03.500,67020.75,0.048937,True,SELL,1000945
1775352183800,2026-04-05 01:23:03.800,67020.54,0.001774,False,BUY,1000946
1775352184100,2026-04-05 01:23:04.100,67020.75,0.046602,True,SELL,1000947
1775352184400,2026-04-05 01:23:04.400,67019.57,0.003336,True,SELL,1000948
1775352184700,2026-04-05 01:23:04.700,67019.68,0.004924,True,SELL,1000949
1775352185000,2026-04-05 01:23:05.000,67019.54,0.018329,True,SELL,1000950
1775352185300,2026-04-05 01:23:05.300,67020.18,0.010132,False,BUY,1000951
1775352185600,2026-04-05 01:23:05.600,67020.82,0.02426,True,SELL,1000952
1775352185900,2026-04-05 01:23:05.900,67021.59,0.015419,False,BUY,1000953
1775352186200,2026-04-05 01:23:06.200,67021.45,0.010861,True,SELL,1000954
1775352186500,2026-04-05 01:23:06.500,67022.04,0.016534,False,BUY,1000955
1775352186800,2026-04-05 01:23:06.800,67021.67,0.017158,False,BUY,1000956
1775352187100,2026-04-05 01:23:07.100,67021.08,0.001,False,BUY,1000957
1775352187400,2026-04-05 01:23:07.400,67021.28,0.00356,True,SELL,1000958
1775352187700,2026-04-05 01:23:07.700,67022.05,0.030722,True,SELL,1000959
1775352188000,2026-04-05 01:23:08.000,67021.69,0.003286,False,BUY,1000960
1775352188300,2026-04-05 01:23:08.300,67021.13,0.020273,True,SELL,1000961
1775352188600,2026-04-05 01:23:08.600,67021.57,0.008546,True,SELL,1000962
1775352188900,2026-04-05 01:23:08.900,67021.58,0.001,True,SELL,1000963
1775352189200,2026-04-05 01:23:09.200,67022.7,0.001,True,SELL,1000964
1775352189500,2026-04-05 01:23:09.500,67022.93,0.049342,True,SELL,1000965
1775352189800,2026-04-05 01:23:09.800,67022.33,0.017584,True,SELL,1000966
1775352190100,2026-04-05 01:23:10.100,67022.53,0.012121,True,SELL,1000967
1775352190400,2026-04-05 01:23:10.400,67022.91,0.00232,True,SELL,1000968
1775352190700,2026-04-05 01:23:10.700,67022.31,0.010951,True,SELL,1000969
1775352191000,2026-04-05 01:23:11.000,67022.33,0.060427,False,BUY,1000970
1775352191300,2026-04-05 01:23:11.300,67021.92,0.017309,True,SELL,1000971
1775352191600,2026-04-05 01:23:11.600,67022.65,0.001358,True,SELL,1000972
1775352191900,2026-04-05 01:23:11.900,67023.94,0.006893,False,BUY,1000973
1775352192200,2026-04-05 01:23:12.200,67023.25,0.014137,False,BUY,1000974
1775352192500,2026-04-05 01:23:12.500,67023.86,0.014093,True,SELL,1000975
1775352192800,2026-04-05 01:23:12.800,67024.09,0.018896,False,BUY,1000976
1775352193100,2026-04-05 01:23:13.100,67023.55,0.001716,True,SELL,1000977
1775352193400,2026-04-05 01:23:13.400,67023.14,0.003265,True,SELL,1000978
1775352193700,2026-04-05 01:23:13.700,67023.84,0.006686,True,SELL,1000979
1775352194000,2026-04-05 01:23:14.000,67023.57,0.006747,False,BUY,1000980
1775352194300,2026-04-05 01:23:14.300,67024.1,0.02031,False,BUY,1000981
1775352194600,2026-04-05 01:23:14.600,67024.46,0.007854,False,BUY,1000982
1775352194900,2026-04-05 01:23:14.900,67023.89,0.020596,False,BUY,1000983
1775352195200,2026-04-05 01:23:15.200,67024.18,0.006405,False,BUY,1000984
1775352195500,2026-04-05 01:23:15.500,67024.38,0.001,True,SELL,1000985
1775352195800,2026-04-05 01:23:15.800,67025.1,0.038095,True,SELL,1000986
1775352196100,2026-04-05 01:23:16.100,67024.34,0.026928,False,BUY,1000987
1775352196400,2026-04-05 01:23:16.400,67024.32,0.04945,True,SELL,1000988
1775352196700,2026-04-05 01:23:16.700,67024.82,0.001287,True,SELL,1000989
1775352197000,2026-04-05 01:23:17.000,67026.06,0.017601,True,SELL,1000990
1775352197300,2026-04-05 01:23:17.300,67026.67,0.008951,False,BUY,1000991
1775352197600,2026-04-05 01:23:17.600,67027.03,0.014309,True,SELL,1000992
1775352197900,2026-04-05 01:23:17.900,67026.99,0.002815,False,BUY,1000993
1775352198200,2026-04-05 01:23:18.200,67027.01,0.028599,False,BUY,1000994
1775352198500,2026-04-05 01:23:18.500,67026.25,0.043345,True,SELL,1000995
1775352198800,2026-04-05 01:23:18.800,67025.48,0.025178,True,SELL,1000996
1775352199100,2026-04-05 01:23:19.100,67024.53,0.001229,True,SELL,1000997
1775352199400,2026-04-05 01:23:19.400,67024.3,0.013865,True,SELL,1000998
1775352199700,2026-04-05 01:23:19.700,67025.04,0.01522,False,BUY,1000999
